{
 "TP": 3.634805999999868,
 "TN": 150.8837865396827,
 "FP": 3.7851940000000215,
 "FN": 0.5258959999999913,
 "avg_iou": 0.4574444467936558,
 "accuracy": 0.9728571515659681,
 "precision": 0.48986603773583853,
 "recall": 0.8736040216290402,
 "specificity": 0.9755271290546272,
 "f1_score": 0.6277350025930978
}