{
 "TP": 11.34962899999981,
 "TN": 287.91555500000004,
 "FP": 3.1903710000005048,
 "FN": 17.544444999999648,
 "avg_iou": 0.35374241318495064,
 "accuracy": 0.9352036999999995,
 "precision": 0.7805797111416481,
 "recall": 0.3928012712918235,
 "specificity": 0.9890405151010204,
 "f1_score": 0.5226140656296653
}