{
 "TP": 15.606443717010498,
 "TN": 276.68470439077834,
 "FP": 14.421221609222233,
 "FN": 13.287630282988959,
 "avg_iou": 0.36029867734962273,
 "accuracy": 0.9134098378368399,
 "precision": 0.5197355021596174,
 "recall": 0.5401261074160325,
 "specificity": 0.9504605701183073,
 "f1_score": 0.5297346580555693
}