{
 "TP": 3.8701259082781743,
 "TN": 290.2722194621126,
 "FP": 0.8337065378879638,
 "FN": 25.02394809172128,
 "avg_iou": 0.1301854978156133,
 "accuracy": 0.9191948292824712,
 "precision": 0.8227601541021137,
 "recall": 0.13394185632245031,
 "specificity": 0.997136071569055,
 "f1_score": 0.23037899188625532
}