{
 "TP": 8.126940625288862,
 "TN": 279.0413688528909,
 "FP": 12.064557147109614,
 "FN": 20.767133374710596,
 "avg_iou": 0.19841826735126317,
 "accuracy": 0.8974009671193117,
 "precision": 0.40249320366903574,
 "recall": 0.2812666924466593,
 "specificity": 0.9585561265863424,
 "f1_score": 0.3311335829181009
}