{
    "TP": 2.31707350228014,
    "TN": 139.35655342056356,
    "FP": 15.312427119119139,
    "FN": 1.8436284977197193,
    "avg_iou": 0.11898824724605782,
    "accuracy": 0.8919845752852114,
    "precision": 0.13143160161142614,
    "recall": 0.5568948466581404,
    "specificity": 0.9009987195513292,
    "f1_score": 0.21267112954742787
}